<?xml version="1.0" ?>
<satellites version="1.0" encoding="iso-8859-1">
	<!--source https://www.lyngsat.com/ parsing 05/08/2022, 09:47:26-->
	<sat name="EchoStar-9-Galaxy-23 (121W)" flags="0" position="-1210">
		<transponder frequency="4140000" symbol_rate="30000000" polarization="1" fec_inner="4" system="1" modulation="2"/>
		<transponder frequency="11715000" symbol_rate="6510000" polarization="1" fec_inner="0" system="0" modulation="1"/>
		<transponder frequency="11724000" symbol_rate="6510000" polarization="1" fec_inner="0" system="0" modulation="1"/>
		<transponder frequency="11943000" symbol_rate="20000000" polarization="0" fec_inner="3" system="0" modulation="1"/>
		<transponder frequency="11990000" symbol_rate="20000000" polarization="0" fec_inner="3" system="0" modulation="1"/>
		<transponder frequency="12016000" symbol_rate="20000000" polarization="1" fec_inner="3" system="0" modulation="1"/>
		<transponder frequency="12096000" symbol_rate="9500000" polarization="0" fec_inner="2" system="1" modulation="2"/>
		<transponder frequency="12167000" symbol_rate="6000000" polarization="0" fec_inner="0" system="0" modulation="1"/>
		<transponder frequency="12171000" symbol_rate="5800000" polarization="1" fec_inner="3" system="0" modulation="1"/>
	</sat>
</satellites>
